CSID,CaseMasterID,csdate,cstype,PolicePersonID
1,2,2027-02-09 00:00:00,A,91
2,3,2024-06-12 00:00:00,C,105
3,13,2025-09-13 00:00:00,A,86
4,15,2026-05-24 00:00:00,A,98
5,16,2026-10-20 00:00:00,A,26
6,22,2024-11-12 00:00:00,A,69
7,25,2026-01-29 00:00:00,A,94
8,28,2023-04-22 00:00:00,A,156
9,33,2025-08-20 00:00:00,A,144
10,39,2026-11-15 00:00:00,A,17
11,42,2025-03-19 00:00:00,A,137
12,43,2025-06-25 00:00:00,A,44
13,44,2026-04-01 00:00:00,A,13
14,47,2026-03-22 00:00:00,A,200
15,57,2026-01-29 00:00:00,A,96
16,60,2023-10-18 00:00:00,A,226
17,62,2024-12-03 00:00:00,A,167
18,67,2025-01-28 00:00:00,C,51
19,69,2026-10-01 00:00:00,B,88
20,73,2023-06-11 00:00:00,A,84
21,75,2024-03-10 00:00:00,C,98
22,76,2025-07-18 00:00:00,C,211
23,77,2026-07-02 00:00:00,A,19
24,79,2026-10-29 00:00:00,A,205
25,81,2023-10-14 00:00:00,A,214
26,82,2026-05-26 00:00:00,A,85
27,88,2023-08-16 00:00:00,A,43
28,93,2024-09-05 00:00:00,A,77
29,96,2024-08-07 00:00:00,A,174
30,97,2023-06-18 00:00:00,A,246
31,105,2023-07-03 00:00:00,A,103
32,112,2025-10-17 00:00:00,A,200
33,116,2026-03-04 00:00:00,A,24
34,118,2026-04-28 00:00:00,A,210
35,121,2026-06-23 00:00:00,A,151
36,127,2025-08-11 00:00:00,A,111
37,129,2026-04-25 00:00:00,A,25
38,132,2026-06-03 00:00:00,A,224
39,136,2026-12-17 00:00:00,A,206
40,139,2025-02-07 00:00:00,A,98
41,141,2023-06-02 00:00:00,A,161
42,142,2025-06-11 00:00:00,A,141
43,144,2026-08-22 00:00:00,A,19
44,146,2024-04-11 00:00:00,A,196
45,148,2025-05-03 00:00:00,A,202
46,150,2024-12-06 00:00:00,A,18
47,153,2024-08-27 00:00:00,A,5
48,156,2024-11-23 00:00:00,A,164
49,160,2023-04-18 00:00:00,A,123
50,162,2025-02-16 00:00:00,A,247
51,166,2024-05-12 00:00:00,A,237
52,170,2024-09-27 00:00:00,A,234
53,175,2024-12-28 00:00:00,B,205
54,176,2026-02-16 00:00:00,A,27
55,177,2025-10-08 00:00:00,A,238
56,181,2024-06-09 00:00:00,A,213
57,183,2026-12-13 00:00:00,A,198
58,185,2025-06-19 00:00:00,A,219
59,189,2025-10-07 00:00:00,A,68
60,190,2025-01-10 00:00:00,A,118
61,191,2024-05-10 00:00:00,A,132
62,194,2026-11-07 00:00:00,B,57
63,195,2025-03-15 00:00:00,A,99
64,197,2023-09-01 00:00:00,A,219
65,198,2023-05-26 00:00:00,A,171
66,201,2026-08-30 00:00:00,A,238
67,205,2026-07-18 00:00:00,A,242
68,206,2024-07-10 00:00:00,A,71
69,209,2025-03-29 00:00:00,A,58
70,212,2024-06-02 00:00:00,A,166
71,215,2023-03-10 00:00:00,B,158
72,219,2023-09-13 00:00:00,A,213
73,222,2023-05-27 00:00:00,A,89
74,224,2025-10-11 00:00:00,A,202
75,225,2023-04-10 00:00:00,A,76
76,230,2024-11-20 00:00:00,A,132
77,233,2025-08-16 00:00:00,C,25
78,235,2025-12-03 00:00:00,A,115
79,236,2026-07-27 00:00:00,A,7
80,244,2025-08-31 00:00:00,A,126
81,246,2024-11-12 00:00:00,A,196
82,252,2024-06-17 00:00:00,B,3
83,259,2026-06-03 00:00:00,A,176
84,262,2025-02-15 00:00:00,A,38
85,264,2025-07-13 00:00:00,A,23
86,266,2025-04-23 00:00:00,A,187
87,268,2023-03-07 00:00:00,A,234
88,269,2025-08-28 00:00:00,A,185
89,270,2025-12-03 00:00:00,A,193
90,274,2025-10-22 00:00:00,A,23
91,277,2026-09-18 00:00:00,A,116
92,278,2023-07-20 00:00:00,A,95
93,281,2023-04-22 00:00:00,A,144
94,283,2026-08-24 00:00:00,A,2
95,284,2026-06-14 00:00:00,A,85
96,289,2025-02-10 00:00:00,A,187
97,290,2024-10-18 00:00:00,B,123
98,299,2023-08-15 00:00:00,A,228
99,300,2024-10-15 00:00:00,A,232
100,306,2026-10-11 00:00:00,A,24
101,310,2025-06-01 00:00:00,A,120
102,312,2024-08-11 00:00:00,A,207
103,314,2023-07-14 00:00:00,A,216
104,316,2024-12-05 00:00:00,A,219
105,317,2024-09-16 00:00:00,A,227
106,321,2024-06-10 00:00:00,A,5
107,322,2023-07-17 00:00:00,A,181
108,323,2026-09-19 00:00:00,A,123
109,324,2026-01-13 00:00:00,A,201
110,329,2023-06-04 00:00:00,A,203
111,330,2026-12-27 00:00:00,A,205
112,336,2025-10-13 00:00:00,A,203
113,339,2027-01-03 00:00:00,A,4
114,343,2025-09-22 00:00:00,A,112
115,344,2026-02-11 00:00:00,A,231
116,345,2024-01-22 00:00:00,A,27
117,354,2027-01-21 00:00:00,A,69
118,355,2025-12-23 00:00:00,C,231
119,356,2024-01-08 00:00:00,A,163
120,358,2023-08-09 00:00:00,A,111
121,360,2025-03-28 00:00:00,B,88
122,364,2024-02-16 00:00:00,A,40
123,366,2024-01-18 00:00:00,A,200
124,370,2023-12-30 00:00:00,A,196
125,373,2024-05-12 00:00:00,A,15
126,374,2024-02-13 00:00:00,A,83
127,378,2026-02-09 00:00:00,A,65
128,385,2026-10-27 00:00:00,B,78
129,390,2024-02-27 00:00:00,A,55
130,396,2024-11-03 00:00:00,A,224
131,397,2024-04-02 00:00:00,A,146
132,408,2023-04-20 00:00:00,A,109
133,409,2023-04-16 00:00:00,B,15
134,411,2025-03-21 00:00:00,A,97
135,412,2025-03-15 00:00:00,A,3
136,413,2026-11-19 00:00:00,A,20
137,421,2024-05-11 00:00:00,A,70
138,423,2023-10-26 00:00:00,A,222
139,432,2025-05-19 00:00:00,A,27
140,449,2026-05-10 00:00:00,A,27
141,452,2025-03-13 00:00:00,A,6
142,454,2024-06-08 00:00:00,A,65
143,455,2025-04-30 00:00:00,B,79
144,458,2025-12-23 00:00:00,A,73
145,459,2025-10-19 00:00:00,A,210
146,462,2026-07-13 00:00:00,A,196
147,465,2025-07-10 00:00:00,B,115
148,466,2025-04-17 00:00:00,A,219
149,469,2025-07-25 00:00:00,A,83
150,470,2023-06-01 00:00:00,A,63
151,473,2023-07-16 00:00:00,C,106
152,475,2023-04-27 00:00:00,A,167
153,476,2026-01-05 00:00:00,C,196
154,477,2023-12-20 00:00:00,C,238
155,478,2024-10-05 00:00:00,B,223
156,481,2024-03-30 00:00:00,A,57
157,483,2025-09-18 00:00:00,A,19
158,484,2026-06-18 00:00:00,C,234
159,485,2024-10-21 00:00:00,A,196
160,488,2024-05-08 00:00:00,A,82
161,490,2023-08-27 00:00:00,A,93
162,496,2023-05-05 00:00:00,A,113
163,497,2025-10-29 00:00:00,A,237
164,500,2024-10-11 00:00:00,A,105
165,505,2025-07-29 00:00:00,A,239
166,513,2026-06-20 00:00:00,A,65
167,514,2026-05-26 00:00:00,A,123
168,516,2026-07-21 00:00:00,A,73
169,518,2024-11-18 00:00:00,B,133
170,523,2024-05-30 00:00:00,A,120
171,528,2025-12-15 00:00:00,C,53
172,533,2025-02-23 00:00:00,A,182
173,538,2025-02-27 00:00:00,A,23
174,540,2023-11-28 00:00:00,A,16
175,542,2025-01-01 00:00:00,A,12
176,544,2024-03-04 00:00:00,A,40
177,550,2026-01-24 00:00:00,A,35
178,554,2026-10-20 00:00:00,A,99
179,556,2024-09-14 00:00:00,A,245
180,557,2025-12-03 00:00:00,A,162
181,560,2024-05-20 00:00:00,A,39
182,564,2025-07-12 00:00:00,A,199
183,567,2026-09-19 00:00:00,A,7
184,570,2025-05-30 00:00:00,A,195
185,571,2023-05-24 00:00:00,A,100
186,574,2024-07-16 00:00:00,A,43
187,575,2023-07-01 00:00:00,A,48
188,578,2023-04-16 00:00:00,A,75
189,581,2023-09-29 00:00:00,A,29
190,582,2024-02-01 00:00:00,A,179
191,585,2026-06-25 00:00:00,B,22
192,586,2024-12-27 00:00:00,A,14
193,587,2027-01-31 00:00:00,A,59
194,591,2024-07-12 00:00:00,B,116
195,593,2023-09-11 00:00:00,C,180
196,594,2026-08-30 00:00:00,A,193
197,597,2027-01-16 00:00:00,A,204
198,608,2023-04-30 00:00:00,A,83
199,610,2025-06-23 00:00:00,A,86
200,613,2026-02-23 00:00:00,A,66
201,614,2025-02-27 00:00:00,A,120
202,615,2025-05-29 00:00:00,A,86
203,619,2026-09-22 00:00:00,B,12
204,623,2026-10-26 00:00:00,B,123
205,626,2023-08-13 00:00:00,A,163
206,629,2024-03-10 00:00:00,A,175
207,630,2023-12-02 00:00:00,C,44
208,633,2024-09-20 00:00:00,A,22
209,634,2026-07-24 00:00:00,A,197
210,637,2023-05-24 00:00:00,A,212
211,641,2024-11-28 00:00:00,A,238
212,648,2027-01-31 00:00:00,A,237
213,649,2025-04-22 00:00:00,C,17
214,656,2025-10-10 00:00:00,C,70
215,658,2026-08-28 00:00:00,A,37
216,659,2024-04-01 00:00:00,A,93
217,660,2025-10-28 00:00:00,A,164
218,663,2024-05-20 00:00:00,A,84
219,665,2024-06-25 00:00:00,A,36
220,666,2023-09-22 00:00:00,C,175
221,667,2026-10-08 00:00:00,A,25
222,668,2024-01-04 00:00:00,A,206
223,670,2024-01-15 00:00:00,A,156
224,671,2024-02-29 00:00:00,A,246
225,675,2025-08-13 00:00:00,A,92
226,678,2026-02-13 00:00:00,A,244
227,680,2026-07-05 00:00:00,A,45
228,682,2026-04-20 00:00:00,B,117
229,688,2023-12-18 00:00:00,A,7
230,690,2024-11-04 00:00:00,B,152
231,698,2027-01-26 00:00:00,A,27
232,704,2026-02-17 00:00:00,B,210
233,706,2024-12-07 00:00:00,A,72
234,708,2024-04-15 00:00:00,A,70
235,713,2024-04-25 00:00:00,A,5
236,715,2023-08-27 00:00:00,A,108
237,721,2025-02-03 00:00:00,A,42
238,722,2024-10-25 00:00:00,C,211
239,723,2025-05-05 00:00:00,B,24
240,726,2024-08-18 00:00:00,A,123
241,728,2027-01-25 00:00:00,A,211
242,733,2026-09-07 00:00:00,B,167
243,734,2026-08-13 00:00:00,A,205
244,737,2025-11-17 00:00:00,A,128
245,741,2024-04-11 00:00:00,A,174
246,746,2025-04-01 00:00:00,A,213
247,751,2025-06-14 00:00:00,A,235
248,753,2025-05-29 00:00:00,A,219
249,757,2026-02-10 00:00:00,A,166
250,758,2026-11-03 00:00:00,A,111
251,759,2024-11-06 00:00:00,B,115
252,760,2023-04-26 00:00:00,A,247
253,769,2026-11-10 00:00:00,A,107
254,773,2025-09-02 00:00:00,A,207
255,774,2025-04-13 00:00:00,A,212
256,775,2025-07-25 00:00:00,A,84
257,777,2023-05-30 00:00:00,B,13
258,783,2025-01-24 00:00:00,A,24
259,785,2026-01-31 00:00:00,C,85
260,786,2024-05-05 00:00:00,C,215
261,787,2026-02-12 00:00:00,A,2
262,788,2024-03-27 00:00:00,A,206
263,793,2024-10-22 00:00:00,B,89
264,794,2025-03-26 00:00:00,A,159
265,798,2026-04-29 00:00:00,B,158
266,799,2023-11-02 00:00:00,A,179
267,800,2026-07-26 00:00:00,A,230
268,801,2023-04-03 00:00:00,A,67
269,805,2025-07-06 00:00:00,A,37
270,811,2023-11-04 00:00:00,A,237
271,812,2024-07-05 00:00:00,A,146
272,813,2026-07-15 00:00:00,A,121
273,815,2024-08-30 00:00:00,A,249
274,817,2024-11-08 00:00:00,C,209
275,820,2023-11-06 00:00:00,A,115
276,825,2026-09-18 00:00:00,A,16
277,826,2024-10-17 00:00:00,A,220
278,828,2024-04-27 00:00:00,B,92
279,830,2026-11-12 00:00:00,A,185
280,833,2025-03-26 00:00:00,A,219
281,836,2026-04-05 00:00:00,A,174
282,837,2026-06-07 00:00:00,A,180
283,839,2025-04-26 00:00:00,A,183
284,841,2026-06-03 00:00:00,A,7
285,844,2023-04-09 00:00:00,A,106
286,845,2026-04-15 00:00:00,A,246
287,849,2023-06-29 00:00:00,A,210
288,854,2026-06-09 00:00:00,A,5
289,859,2023-10-12 00:00:00,A,39
290,862,2023-08-07 00:00:00,A,12
291,867,2026-01-18 00:00:00,B,174
292,869,2025-01-30 00:00:00,A,10
293,871,2024-08-25 00:00:00,A,118
294,873,2026-11-30 00:00:00,A,213
295,876,2023-08-25 00:00:00,A,102
296,878,2026-01-03 00:00:00,A,17
297,879,2023-10-01 00:00:00,B,174
298,885,2025-05-09 00:00:00,A,79
299,886,2025-04-27 00:00:00,A,71
300,899,2025-09-20 00:00:00,A,13
301,900,2025-02-12 00:00:00,A,48
302,901,2026-05-29 00:00:00,A,152
303,903,2026-06-29 00:00:00,A,83
304,911,2024-09-11 00:00:00,A,63
305,914,2024-04-19 00:00:00,A,13
306,915,2026-07-07 00:00:00,A,62
307,916,2026-01-12 00:00:00,A,200
308,917,2024-10-11 00:00:00,A,119
309,920,2024-07-11 00:00:00,A,23
310,922,2025-10-18 00:00:00,A,208
311,929,2026-09-02 00:00:00,A,105
312,930,2023-08-04 00:00:00,A,129
313,936,2026-05-05 00:00:00,A,112
314,938,2023-04-23 00:00:00,A,207
315,941,2024-06-15 00:00:00,A,193
316,942,2025-08-09 00:00:00,C,39
317,945,2023-09-18 00:00:00,A,27
318,955,2025-02-13 00:00:00,A,45
319,958,2026-06-15 00:00:00,A,64
320,961,2023-08-29 00:00:00,A,50
321,962,2023-07-28 00:00:00,A,181
322,965,2024-11-20 00:00:00,A,216
323,966,2026-04-26 00:00:00,A,162
324,968,2023-05-03 00:00:00,A,57
325,970,2024-12-28 00:00:00,B,174
326,971,2024-01-21 00:00:00,A,230
327,978,2026-11-22 00:00:00,A,63
328,983,2023-06-30 00:00:00,A,238
329,985,2025-05-10 00:00:00,A,108
330,986,2025-02-24 00:00:00,A,12
331,987,2023-08-12 00:00:00,B,14
332,989,2027-01-18 00:00:00,A,157
333,993,2023-11-28 00:00:00,C,183
334,1000,2023-05-03 00:00:00,B,174
335,1002,2025-03-11 00:00:00,A,61
336,1003,2025-03-18 00:00:00,A,192
337,1007,2023-04-15 00:00:00,A,83
338,1009,2023-12-05 00:00:00,A,116
339,1010,2025-04-14 00:00:00,A,203
340,1011,2026-03-30 00:00:00,A,244
341,1016,2025-02-26 00:00:00,A,147
342,1018,2026-12-17 00:00:00,A,128
343,1026,2025-11-13 00:00:00,A,192
344,1030,2025-09-08 00:00:00,A,60
345,1031,2023-04-20 00:00:00,A,148
346,1036,2024-10-29 00:00:00,A,175
347,1042,2024-09-19 00:00:00,A,27
348,1043,2023-08-23 00:00:00,A,187
349,1045,2026-06-04 00:00:00,B,120
350,1049,2024-06-29 00:00:00,A,202
351,1051,2024-11-01 00:00:00,A,13
352,1053,2025-10-15 00:00:00,A,34
353,1055,2026-09-17 00:00:00,A,115
354,1057,2024-07-30 00:00:00,A,206
355,1059,2026-06-17 00:00:00,A,185
356,1060,2026-12-02 00:00:00,C,17
357,1062,2025-10-21 00:00:00,A,129
358,1065,2023-08-23 00:00:00,A,116
359,1067,2023-08-20 00:00:00,A,70
360,1070,2025-12-22 00:00:00,A,200
361,1072,2025-01-17 00:00:00,A,14
362,1075,2024-09-14 00:00:00,A,159
363,1076,2024-02-07 00:00:00,A,94
364,1082,2023-08-12 00:00:00,C,183
365,1083,2024-06-23 00:00:00,C,215
366,1084,2025-08-19 00:00:00,A,164
367,1088,2026-08-13 00:00:00,A,202
368,1090,2023-04-30 00:00:00,C,228
369,1092,2023-04-19 00:00:00,A,54
370,1098,2026-12-06 00:00:00,A,186
371,1100,2026-10-02 00:00:00,A,119
372,1101,2025-10-10 00:00:00,A,182
373,1102,2024-03-26 00:00:00,A,61
374,1103,2025-09-13 00:00:00,A,162
375,1107,2026-04-24 00:00:00,A,86
376,1108,2025-09-21 00:00:00,A,92
377,1109,2026-02-23 00:00:00,A,85
378,1110,2024-06-11 00:00:00,A,175
379,1115,2024-08-11 00:00:00,A,174
380,1116,2023-03-13 00:00:00,A,221
381,1118,2024-12-13 00:00:00,A,13
382,1129,2023-10-18 00:00:00,A,236
383,1130,2026-06-10 00:00:00,A,68
384,1131,2024-04-24 00:00:00,A,138
385,1134,2024-12-08 00:00:00,B,96
386,1139,2025-02-22 00:00:00,A,33
387,1144,2026-04-02 00:00:00,A,162
388,1145,2025-11-15 00:00:00,A,188
389,1154,2025-04-16 00:00:00,A,174
390,1156,2024-03-24 00:00:00,A,32
391,1157,2024-08-22 00:00:00,A,36
392,1158,2024-09-15 00:00:00,A,54
393,1162,2025-10-31 00:00:00,A,98
394,1165,2026-09-25 00:00:00,A,73
395,1167,2023-07-13 00:00:00,A,164
396,1168,2024-01-31 00:00:00,A,144
397,1172,2025-03-27 00:00:00,A,15
398,1177,2026-02-10 00:00:00,A,73
399,1179,2025-07-06 00:00:00,A,221
400,1180,2026-07-16 00:00:00,B,239
401,1185,2026-09-10 00:00:00,A,2
402,1188,2027-02-19 00:00:00,A,58
403,1189,2025-05-20 00:00:00,A,134
404,1190,2023-06-22 00:00:00,A,67
405,1193,2024-07-14 00:00:00,A,99
406,1197,2026-12-22 00:00:00,B,101
407,1198,2024-07-21 00:00:00,A,44
408,1199,2024-12-13 00:00:00,A,71
409,1201,2025-12-16 00:00:00,A,159
410,1207,2023-03-25 00:00:00,C,58
411,1208,2023-04-04 00:00:00,A,71
412,1209,2026-05-31 00:00:00,A,129
413,1210,2023-05-26 00:00:00,A,45
414,1214,2025-12-27 00:00:00,A,145
415,1215,2023-06-10 00:00:00,A,141
416,1217,2027-02-12 00:00:00,A,166
417,1220,2026-06-15 00:00:00,A,88
418,1221,2023-10-21 00:00:00,A,10
419,1222,2026-06-01 00:00:00,B,4
420,1227,2025-10-17 00:00:00,B,14
421,1229,2024-12-20 00:00:00,A,107
422,1230,2023-06-19 00:00:00,A,204
423,1232,2026-08-08 00:00:00,A,63
424,1241,2025-02-08 00:00:00,A,215
425,1243,2023-11-11 00:00:00,B,46
426,1247,2023-11-12 00:00:00,B,195
427,1251,2027-01-13 00:00:00,A,101
428,1253,2023-05-03 00:00:00,B,27
429,1255,2025-12-01 00:00:00,A,149
430,1258,2024-06-05 00:00:00,C,230
431,1273,2025-06-19 00:00:00,A,146
432,1275,2024-10-01 00:00:00,A,102
433,1277,2026-11-09 00:00:00,A,126
434,1279,2025-04-18 00:00:00,A,42
435,1281,2026-07-10 00:00:00,B,95
436,1285,2026-11-15 00:00:00,A,140
437,1289,2023-02-24 00:00:00,A,163
438,1296,2026-10-16 00:00:00,A,38
439,1302,2025-03-20 00:00:00,A,237
440,1314,2023-10-23 00:00:00,B,213
441,1316,2024-02-05 00:00:00,A,81
442,1320,2025-11-22 00:00:00,B,70
443,1323,2026-06-06 00:00:00,A,227
444,1329,2023-08-13 00:00:00,A,187
445,1331,2023-08-18 00:00:00,A,187
446,1332,2024-12-21 00:00:00,A,127
447,1334,2023-08-01 00:00:00,A,212
448,1335,2024-01-16 00:00:00,A,30
449,1338,2026-08-27 00:00:00,A,219
450,1340,2023-12-09 00:00:00,A,2
451,1341,2026-03-12 00:00:00,A,134
452,1344,2026-02-20 00:00:00,A,147
453,1349,2026-05-18 00:00:00,A,115
454,1352,2023-05-31 00:00:00,A,246
455,1355,2024-07-09 00:00:00,A,27
456,1359,2026-05-30 00:00:00,A,187
457,1361,2027-01-12 00:00:00,A,182
458,1365,2025-04-26 00:00:00,A,45
459,1367,2024-02-01 00:00:00,A,185
460,1384,2026-10-25 00:00:00,A,94
461,1385,2024-11-13 00:00:00,A,125
462,1387,2026-01-06 00:00:00,A,48
463,1393,2024-11-08 00:00:00,A,190
464,1395,2024-06-25 00:00:00,A,31
465,1400,2027-01-14 00:00:00,A,239
466,1401,2023-12-22 00:00:00,A,129
467,1402,2026-08-20 00:00:00,A,185
468,1404,2026-10-01 00:00:00,A,68
469,1409,2027-01-07 00:00:00,A,159
470,1410,2023-06-24 00:00:00,A,158
471,1411,2023-07-15 00:00:00,A,6
472,1413,2026-10-26 00:00:00,A,209
473,1416,2025-01-02 00:00:00,A,231
474,1417,2025-09-22 00:00:00,A,141
475,1418,2023-09-23 00:00:00,A,176
476,1420,2024-11-30 00:00:00,A,204
477,1425,2025-05-29 00:00:00,C,26
478,1427,2025-12-16 00:00:00,A,146
479,1430,2024-02-23 00:00:00,A,131
480,1431,2024-08-28 00:00:00,A,78
481,1434,2027-01-19 00:00:00,A,116
482,1436,2026-11-08 00:00:00,A,58
483,1441,2026-11-08 00:00:00,A,247
484,1451,2025-01-08 00:00:00,A,40
485,1452,2023-07-06 00:00:00,A,163
486,1455,2024-11-24 00:00:00,A,122
487,1456,2026-09-30 00:00:00,A,83
488,1457,2025-07-27 00:00:00,A,231
489,1460,2024-01-28 00:00:00,A,48
490,1468,2023-04-18 00:00:00,A,225
491,1472,2025-10-05 00:00:00,A,72
492,1473,2026-08-02 00:00:00,A,177
493,1477,2027-01-02 00:00:00,C,147
494,1480,2023-04-06 00:00:00,B,121
495,1486,2024-02-26 00:00:00,B,195
496,1487,2025-08-20 00:00:00,A,141
497,1489,2023-12-03 00:00:00,A,86
498,1490,2024-11-27 00:00:00,B,95
499,1491,2024-08-16 00:00:00,A,177
500,1493,2023-05-11 00:00:00,A,242
501,1497,2027-02-01 00:00:00,A,238
502,1499,2023-08-19 00:00:00,A,103
503,1502,2025-08-12 00:00:00,A,137
504,1504,2024-05-07 00:00:00,A,85
505,1506,2026-03-14 00:00:00,A,132
506,1513,2026-07-28 00:00:00,A,232
507,1520,2024-01-21 00:00:00,A,99
508,1523,2023-04-02 00:00:00,A,159
509,1527,2026-03-05 00:00:00,A,201
510,1528,2024-10-30 00:00:00,A,172
511,1535,2023-04-16 00:00:00,A,210
512,1538,2023-05-16 00:00:00,A,138
513,1544,2023-10-19 00:00:00,A,166
514,1547,2024-04-05 00:00:00,B,61
515,1548,2027-02-20 00:00:00,A,19
516,1550,2024-10-18 00:00:00,B,48
517,1552,2026-06-30 00:00:00,A,146
518,1553,2025-11-19 00:00:00,A,189
519,1559,2025-11-07 00:00:00,B,231
520,1565,2023-02-12 00:00:00,A,135
521,1569,2025-06-16 00:00:00,A,59
522,1570,2025-08-10 00:00:00,C,184
523,1571,2023-11-01 00:00:00,A,157
524,1576,2025-04-12 00:00:00,A,127
525,1579,2026-08-28 00:00:00,A,155
526,1582,2024-10-14 00:00:00,A,67
527,1584,2023-07-14 00:00:00,B,214
528,1585,2026-06-25 00:00:00,A,67
529,1587,2023-06-01 00:00:00,C,146
530,1588,2025-11-24 00:00:00,A,57
531,1589,2026-12-17 00:00:00,A,181
532,1592,2026-02-01 00:00:00,A,74
533,1593,2027-01-18 00:00:00,B,134
534,1594,2026-08-05 00:00:00,A,220
535,1595,2026-10-08 00:00:00,A,208
536,1596,2024-07-15 00:00:00,A,50
537,1597,2026-04-29 00:00:00,A,90
538,1603,2024-05-05 00:00:00,A,177
539,1605,2023-10-18 00:00:00,A,191
540,1606,2025-04-27 00:00:00,A,55
541,1608,2026-04-04 00:00:00,A,85
542,1609,2026-08-28 00:00:00,A,22
543,1613,2025-05-10 00:00:00,A,173
544,1615,2024-05-01 00:00:00,A,158
545,1619,2025-11-17 00:00:00,A,210
546,1622,2027-03-03 00:00:00,A,207
547,1625,2025-06-07 00:00:00,A,215
548,1631,2024-05-07 00:00:00,A,154
549,1632,2027-02-04 00:00:00,A,35
550,1633,2026-08-06 00:00:00,A,27
551,1634,2023-08-09 00:00:00,A,182
552,1636,2023-09-29 00:00:00,A,82
553,1638,2026-03-05 00:00:00,A,110
554,1640,2026-03-31 00:00:00,A,157
555,1642,2023-07-07 00:00:00,A,147
556,1643,2025-04-04 00:00:00,B,151
557,1645,2025-12-20 00:00:00,A,208
558,1651,2026-02-13 00:00:00,A,35
559,1655,2024-11-30 00:00:00,A,231
560,1656,2026-11-21 00:00:00,A,8
561,1657,2024-08-19 00:00:00,A,238
562,1658,2023-10-10 00:00:00,A,39
563,1661,2023-03-26 00:00:00,A,66
564,1666,2025-06-28 00:00:00,A,32
565,1667,2026-12-05 00:00:00,A,111
566,1672,2024-12-26 00:00:00,C,173
567,1675,2025-05-03 00:00:00,A,231
568,1680,2026-10-07 00:00:00,A,64
569,1681,2024-05-30 00:00:00,A,26
570,1685,2025-04-10 00:00:00,A,250
571,1688,2025-04-13 00:00:00,A,73
572,1689,2023-07-09 00:00:00,A,127
573,1690,2025-01-22 00:00:00,B,130
574,1693,2024-11-07 00:00:00,A,70
575,1700,2025-07-27 00:00:00,A,181
576,1701,2024-01-02 00:00:00,A,198
577,1713,2024-06-20 00:00:00,A,38
578,1717,2025-12-12 00:00:00,A,53
579,1718,2024-01-26 00:00:00,A,210
580,1721,2026-10-14 00:00:00,A,162
581,1723,2025-04-19 00:00:00,A,32
582,1725,2024-04-06 00:00:00,A,95
583,1729,2024-10-22 00:00:00,A,47
584,1732,2026-10-14 00:00:00,A,198
585,1739,2026-03-07 00:00:00,B,36
586,1742,2023-08-16 00:00:00,A,226
587,1752,2027-02-10 00:00:00,A,83
588,1755,2025-06-29 00:00:00,A,94
589,1757,2026-01-23 00:00:00,B,58
590,1758,2023-10-11 00:00:00,A,81
591,1759,2023-06-22 00:00:00,A,234
592,1761,2024-11-30 00:00:00,A,2
593,1765,2026-08-08 00:00:00,A,75
594,1768,2024-08-26 00:00:00,A,133
595,1769,2023-09-23 00:00:00,A,218
596,1770,2023-04-11 00:00:00,A,230
597,1775,2024-01-14 00:00:00,B,32
598,1778,2023-03-27 00:00:00,A,197
599,1780,2025-10-26 00:00:00,A,1
600,1781,2025-06-07 00:00:00,A,164
601,1784,2025-04-18 00:00:00,B,27
602,1786,2023-10-07 00:00:00,A,55
603,1787,2026-06-28 00:00:00,A,193
604,1794,2026-06-24 00:00:00,A,70
605,1795,2027-03-25 00:00:00,C,41
606,1796,2024-01-14 00:00:00,A,160
607,1797,2026-04-19 00:00:00,A,89
608,1799,2023-08-30 00:00:00,A,125
609,1802,2024-06-06 00:00:00,A,47
610,1804,2026-08-02 00:00:00,A,78
611,1808,2023-12-23 00:00:00,A,119
612,1810,2027-01-12 00:00:00,A,127
613,1813,2023-10-25 00:00:00,B,13
614,1817,2026-11-13 00:00:00,A,222
615,1819,2024-10-21 00:00:00,C,206
616,1832,2026-03-13 00:00:00,A,70
617,1834,2026-11-08 00:00:00,A,116
618,1837,2025-03-06 00:00:00,A,108
619,1839,2025-09-06 00:00:00,B,152
620,1840,2025-01-17 00:00:00,A,250
621,1841,2023-08-04 00:00:00,A,98
622,1842,2024-11-13 00:00:00,B,138
623,1847,2027-01-15 00:00:00,A,204
624,1850,2023-09-26 00:00:00,A,128
625,1852,2025-10-25 00:00:00,B,59
626,1857,2023-08-24 00:00:00,A,52
627,1859,2025-08-12 00:00:00,A,92
628,1860,2023-07-18 00:00:00,A,248
629,1862,2024-12-12 00:00:00,A,94
630,1864,2026-06-04 00:00:00,C,178
631,1865,2025-11-04 00:00:00,A,159
632,1871,2024-03-05 00:00:00,B,11
633,1872,2025-07-14 00:00:00,A,101
634,1875,2024-06-10 00:00:00,A,151
635,1876,2023-08-09 00:00:00,B,204
636,1878,2024-04-17 00:00:00,A,84
637,1879,2026-03-15 00:00:00,A,201
638,1880,2024-08-31 00:00:00,A,212
639,1881,2026-01-02 00:00:00,A,36
640,1882,2025-08-26 00:00:00,A,23
641,1883,2023-04-17 00:00:00,B,16
642,1884,2025-03-21 00:00:00,A,110
643,1888,2026-12-21 00:00:00,B,141
644,1889,2024-11-03 00:00:00,A,152
645,1892,2023-09-20 00:00:00,A,159
646,1893,2023-12-18 00:00:00,A,178
647,1895,2025-07-20 00:00:00,A,129
648,1896,2026-10-07 00:00:00,A,13
649,1897,2024-07-02 00:00:00,A,13
650,1899,2023-12-31 00:00:00,A,9
651,1901,2026-07-20 00:00:00,A,126
652,1902,2023-05-28 00:00:00,A,46
653,1907,2026-10-15 00:00:00,A,207
654,1913,2025-08-16 00:00:00,A,161
655,1915,2026-03-23 00:00:00,A,216
656,1916,2026-10-27 00:00:00,A,35
657,1920,2024-03-27 00:00:00,A,137
658,1921,2025-10-12 00:00:00,A,91
659,1923,2023-03-31 00:00:00,A,111
660,1924,2026-05-29 00:00:00,A,202
661,1925,2026-01-03 00:00:00,A,246
662,1927,2025-12-03 00:00:00,A,10
663,1928,2023-10-14 00:00:00,A,138
664,1929,2023-12-04 00:00:00,A,84
665,1931,2023-06-28 00:00:00,A,187
666,1936,2024-10-03 00:00:00,B,78
667,1937,2023-11-08 00:00:00,A,58
668,1939,2026-11-27 00:00:00,A,52
669,1940,2024-09-22 00:00:00,B,202
670,1941,2025-02-23 00:00:00,C,35
671,1946,2025-06-24 00:00:00,A,250
672,1947,2025-10-03 00:00:00,A,224
673,1949,2026-01-29 00:00:00,A,43
674,1951,2026-12-20 00:00:00,A,201
675,1952,2026-10-19 00:00:00,A,204
676,1957,2026-04-10 00:00:00,A,186
677,1959,2026-11-25 00:00:00,A,167
678,1961,2024-02-16 00:00:00,A,237
679,1964,2026-05-03 00:00:00,A,142
680,1965,2025-03-06 00:00:00,B,79
681,1968,2025-02-26 00:00:00,A,26
682,1969,2025-12-04 00:00:00,B,145
683,1970,2026-04-19 00:00:00,A,148
684,1971,2023-12-12 00:00:00,A,190
685,1974,2027-01-04 00:00:00,C,35
686,1976,2023-04-09 00:00:00,A,13
687,1977,2027-02-18 00:00:00,B,74
688,1984,2026-04-11 00:00:00,A,205
689,1991,2023-10-27 00:00:00,A,40
690,1992,2026-03-04 00:00:00,A,140
691,1994,2026-05-15 00:00:00,A,108
692,1995,2023-11-18 00:00:00,A,205
693,1996,2026-09-16 00:00:00,A,46
694,1999,2025-07-04 00:00:00,A,198
695,2003,2026-10-12 00:00:00,A,23
696,2004,2026-07-23 00:00:00,C,195
697,2005,2026-03-06 00:00:00,A,45
698,2007,2023-10-28 00:00:00,C,167
699,2008,2023-11-21 00:00:00,B,25
700,2010,2023-10-12 00:00:00,A,57
701,2014,2027-03-11 00:00:00,A,221
702,2015,2026-12-23 00:00:00,A,13
703,2016,2023-02-07 00:00:00,A,245
704,2020,2025-10-05 00:00:00,B,76
705,2021,2025-07-11 00:00:00,A,208
706,2023,2024-11-16 00:00:00,B,19
707,2029,2023-11-27 00:00:00,A,7
708,2030,2026-05-07 00:00:00,A,22
709,2032,2026-04-05 00:00:00,A,49
710,2033,2024-08-27 00:00:00,A,115
711,2034,2025-04-27 00:00:00,A,116
712,2035,2024-06-26 00:00:00,A,38
713,2036,2024-03-28 00:00:00,A,94
714,2040,2023-04-20 00:00:00,A,212
715,2044,2025-03-28 00:00:00,A,196
716,2049,2026-04-20 00:00:00,A,245
717,2050,2024-07-16 00:00:00,A,236
718,2054,2023-03-06 00:00:00,B,236
719,2055,2023-07-28 00:00:00,B,28
720,2056,2024-12-03 00:00:00,A,13
721,2057,2023-04-13 00:00:00,A,166
722,2060,2026-05-22 00:00:00,A,14
723,2061,2026-10-10 00:00:00,A,151
724,2068,2023-10-29 00:00:00,A,93
725,2069,2025-01-30 00:00:00,B,234
726,2071,2026-02-01 00:00:00,A,171
727,2074,2025-12-17 00:00:00,A,65
728,2082,2023-06-08 00:00:00,A,172
729,2085,2025-03-10 00:00:00,A,220
730,2086,2025-06-10 00:00:00,A,182
731,2087,2026-10-04 00:00:00,A,193
732,2094,2026-11-20 00:00:00,A,176
733,2096,2026-04-29 00:00:00,A,109
734,2097,2024-11-11 00:00:00,B,160
735,2098,2025-11-10 00:00:00,A,166
736,2099,2024-07-29 00:00:00,A,65
737,2106,2025-11-08 00:00:00,A,209
738,2108,2025-09-16 00:00:00,A,182
739,2114,2024-03-24 00:00:00,A,29
740,2116,2024-01-04 00:00:00,A,94
741,2118,2023-08-31 00:00:00,A,107
742,2125,2025-01-16 00:00:00,A,180
743,2126,2023-11-05 00:00:00,A,153
744,2127,2024-05-19 00:00:00,A,227
745,2136,2026-09-23 00:00:00,A,47
746,2143,2027-02-01 00:00:00,A,234
747,2144,2024-11-07 00:00:00,A,175
748,2146,2025-05-30 00:00:00,A,57
749,2148,2024-05-16 00:00:00,A,197
750,2158,2025-11-23 00:00:00,A,81
751,2161,2025-10-19 00:00:00,A,99
752,2162,2023-09-07 00:00:00,A,202
753,2163,2026-03-15 00:00:00,A,26
754,2169,2025-10-04 00:00:00,A,167
755,2170,2024-05-03 00:00:00,A,211
756,2173,2025-05-28 00:00:00,A,27
757,2177,2025-10-22 00:00:00,A,87
758,2182,2025-11-26 00:00:00,A,72
759,2183,2026-03-20 00:00:00,A,27
760,2184,2023-09-13 00:00:00,A,10
761,2194,2026-09-25 00:00:00,A,39
762,2197,2023-09-30 00:00:00,C,5
763,2201,2026-08-15 00:00:00,A,132
764,2206,2025-12-28 00:00:00,A,250
765,2207,2026-09-12 00:00:00,A,206
766,2208,2023-12-03 00:00:00,A,63
767,2212,2025-08-31 00:00:00,A,114
768,2216,2025-01-27 00:00:00,A,56
769,2222,2025-05-05 00:00:00,A,243
770,2223,2024-07-25 00:00:00,A,204
771,2231,2023-04-21 00:00:00,A,91
772,2235,2025-02-03 00:00:00,A,74
773,2236,2025-07-03 00:00:00,A,163
774,2238,2026-01-10 00:00:00,A,54
775,2239,2025-01-16 00:00:00,A,192
776,2241,2024-08-24 00:00:00,B,78
777,2242,2026-10-02 00:00:00,B,89
778,2245,2025-11-25 00:00:00,B,21
779,2246,2024-03-12 00:00:00,A,48
780,2251,2023-11-25 00:00:00,A,176
781,2255,2026-02-04 00:00:00,B,164
782,2256,2027-03-12 00:00:00,A,142
783,2260,2025-08-03 00:00:00,B,10
784,2275,2024-06-15 00:00:00,B,247
785,2276,2026-01-22 00:00:00,A,234
786,2278,2025-09-17 00:00:00,A,122
787,2280,2023-08-20 00:00:00,A,110
788,2282,2024-03-31 00:00:00,A,129
789,2286,2026-03-02 00:00:00,B,211
790,2290,2024-08-30 00:00:00,A,130
791,2292,2023-12-04 00:00:00,A,95
792,2295,2023-03-19 00:00:00,A,85
793,2297,2024-12-09 00:00:00,A,204
794,2299,2024-05-29 00:00:00,A,116
795,2300,2025-09-12 00:00:00,A,193
796,2302,2025-08-21 00:00:00,A,16
797,2304,2026-10-18 00:00:00,A,226
798,2305,2025-11-13 00:00:00,B,240
799,2307,2026-11-03 00:00:00,A,57
800,2310,2026-10-25 00:00:00,C,205
801,2312,2023-07-25 00:00:00,B,35
802,2314,2025-10-02 00:00:00,A,155
803,2318,2024-06-01 00:00:00,A,206
804,2324,2027-03-24 00:00:00,B,13
805,2326,2025-07-31 00:00:00,A,185
806,2327,2026-02-05 00:00:00,C,115
807,2330,2026-07-21 00:00:00,A,134
808,2331,2026-03-10 00:00:00,B,185
809,2334,2025-04-08 00:00:00,A,129
810,2337,2023-10-28 00:00:00,A,86
811,2339,2023-09-24 00:00:00,A,162
812,2340,2024-03-26 00:00:00,A,160
813,2342,2027-03-03 00:00:00,A,144
814,2343,2024-06-09 00:00:00,A,213
815,2344,2023-04-22 00:00:00,A,27
816,2345,2025-11-28 00:00:00,A,101
817,2348,2023-07-06 00:00:00,A,23
818,2357,2024-09-21 00:00:00,A,166
819,2364,2025-07-22 00:00:00,A,108
820,2365,2024-08-12 00:00:00,B,2
821,2366,2025-05-15 00:00:00,A,97
822,2369,2025-08-08 00:00:00,B,164
823,2371,2025-01-03 00:00:00,A,140
824,2372,2025-12-04 00:00:00,A,105
825,2374,2024-04-14 00:00:00,A,60
826,2381,2025-10-10 00:00:00,A,162
827,2383,2023-05-11 00:00:00,A,77
828,2387,2024-08-31 00:00:00,A,27
829,2395,2025-05-17 00:00:00,A,105
830,2398,2023-12-29 00:00:00,C,171
831,2402,2025-07-20 00:00:00,A,212
832,2407,2024-06-12 00:00:00,A,53
833,2412,2025-12-10 00:00:00,A,168
834,2413,2026-08-30 00:00:00,A,76
835,2414,2023-11-14 00:00:00,A,193
836,2416,2025-07-15 00:00:00,A,226
837,2417,2025-03-31 00:00:00,A,113
838,2418,2026-12-02 00:00:00,A,14
839,2423,2026-07-08 00:00:00,A,210
840,2427,2025-07-24 00:00:00,C,214
841,2428,2024-03-31 00:00:00,A,165
842,2434,2023-10-18 00:00:00,A,232
843,2438,2026-11-19 00:00:00,A,120
844,2441,2023-05-31 00:00:00,A,120
845,2443,2025-08-23 00:00:00,A,35
846,2445,2026-08-26 00:00:00,A,32
847,2446,2025-04-27 00:00:00,A,85
848,2447,2026-08-03 00:00:00,A,220
849,2454,2026-06-23 00:00:00,A,140
850,2461,2025-11-29 00:00:00,A,13
851,2463,2025-01-23 00:00:00,B,17
852,2465,2026-02-23 00:00:00,A,221
853,2467,2025-09-17 00:00:00,A,130
854,2468,2024-02-22 00:00:00,A,115
855,2474,2024-12-08 00:00:00,A,204
856,2480,2023-12-18 00:00:00,A,29
857,2482,2024-08-31 00:00:00,B,61
858,2488,2025-08-30 00:00:00,A,216
859,2495,2024-04-28 00:00:00,A,43
860,2497,2024-07-26 00:00:00,A,27
861,2499,2023-04-01 00:00:00,A,10
862,2501,2023-10-29 00:00:00,A,233
863,2503,2026-01-08 00:00:00,A,203
864,2504,2024-05-20 00:00:00,B,150
865,2506,2024-02-06 00:00:00,A,171
866,2507,2024-05-30 00:00:00,A,115
867,2509,2023-08-18 00:00:00,A,179
868,2510,2025-12-13 00:00:00,A,22
869,2512,2026-10-11 00:00:00,C,164
870,2513,2024-04-20 00:00:00,A,137
871,2518,2025-01-24 00:00:00,A,75
872,2523,2025-11-12 00:00:00,C,245
873,2524,2026-05-26 00:00:00,A,41
874,2525,2024-05-16 00:00:00,A,240
875,2530,2024-07-03 00:00:00,A,24
876,2533,2025-01-30 00:00:00,A,71
877,2536,2024-07-07 00:00:00,A,216
878,2539,2024-10-21 00:00:00,A,98
879,2540,2024-04-13 00:00:00,A,247
880,2543,2026-11-06 00:00:00,A,239
881,2544,2026-08-08 00:00:00,A,9
882,2546,2024-12-18 00:00:00,A,210
883,2547,2026-11-03 00:00:00,A,104
884,2551,2024-01-02 00:00:00,A,100
885,2554,2025-12-23 00:00:00,B,210
886,2555,2023-11-02 00:00:00,B,54
887,2558,2023-03-04 00:00:00,A,18
888,2560,2025-01-30 00:00:00,A,198
889,2563,2026-02-03 00:00:00,A,99
890,2567,2026-01-07 00:00:00,A,14
891,2568,2024-02-17 00:00:00,A,219
892,2570,2025-05-25 00:00:00,A,163
893,2573,2025-08-06 00:00:00,A,164
894,2574,2023-05-15 00:00:00,A,23
895,2575,2025-05-14 00:00:00,A,57
896,2578,2026-02-19 00:00:00,B,183
897,2580,2026-07-27 00:00:00,A,29
898,2581,2023-09-20 00:00:00,A,213
899,2590,2023-07-09 00:00:00,A,177
900,2594,2026-07-25 00:00:00,C,5
901,2596,2024-06-30 00:00:00,A,107
902,2607,2023-05-20 00:00:00,A,162
903,2608,2025-04-24 00:00:00,A,27
904,2611,2026-01-08 00:00:00,A,3
905,2613,2023-09-07 00:00:00,A,150
906,2614,2024-06-07 00:00:00,A,206
907,2616,2026-08-18 00:00:00,A,183
908,2619,2023-06-13 00:00:00,A,99
909,2620,2025-05-07 00:00:00,A,5
910,2622,2023-03-24 00:00:00,A,224
911,2632,2027-01-21 00:00:00,A,68
912,2634,2024-04-27 00:00:00,A,183
913,2635,2024-02-24 00:00:00,A,27
914,2636,2025-01-19 00:00:00,A,56
915,2639,2025-05-23 00:00:00,A,27
916,2640,2023-05-22 00:00:00,A,104
917,2643,2027-02-20 00:00:00,A,216
918,2644,2026-11-21 00:00:00,A,34
919,2646,2024-06-21 00:00:00,B,92
920,2647,2026-11-02 00:00:00,A,144
921,2649,2023-02-16 00:00:00,A,138
922,2658,2024-11-04 00:00:00,A,250
923,2659,2024-11-11 00:00:00,A,202
924,2664,2024-12-02 00:00:00,A,60
925,2667,2024-10-31 00:00:00,A,43
926,2668,2024-06-23 00:00:00,A,229
927,2674,2024-11-16 00:00:00,A,28
928,2676,2027-02-26 00:00:00,A,35
929,2678,2026-09-11 00:00:00,A,5
930,2684,2027-01-22 00:00:00,A,91
931,2685,2025-10-05 00:00:00,A,117
932,2688,2025-10-25 00:00:00,A,175
933,2689,2024-07-02 00:00:00,A,155
934,2690,2025-06-24 00:00:00,A,20
935,2691,2024-01-07 00:00:00,A,22
936,2695,2024-12-24 00:00:00,A,103
937,2697,2024-08-12 00:00:00,A,6
938,2698,2023-05-27 00:00:00,A,96
939,2703,2023-12-03 00:00:00,A,58
940,2705,2023-04-16 00:00:00,A,110
941,2708,2024-08-15 00:00:00,A,65
942,2709,2026-06-30 00:00:00,A,224
943,2713,2023-06-03 00:00:00,A,127
944,2716,2024-11-07 00:00:00,A,152
945,2718,2025-01-02 00:00:00,A,204
946,2720,2025-12-29 00:00:00,A,55
947,2722,2023-03-29 00:00:00,A,110
948,2724,2026-02-11 00:00:00,A,45
949,2729,2026-01-17 00:00:00,A,3
950,2732,2025-06-11 00:00:00,B,193
951,2733,2025-12-31 00:00:00,A,115
952,2737,2025-02-12 00:00:00,A,4
953,2739,2025-02-14 00:00:00,A,235
954,2740,2023-12-16 00:00:00,A,50
955,2747,2023-09-25 00:00:00,A,67
956,2748,2024-08-12 00:00:00,B,156
957,2749,2024-06-30 00:00:00,B,63
958,2751,2026-08-07 00:00:00,A,196
959,2752,2025-10-15 00:00:00,A,81
960,2754,2026-07-15 00:00:00,A,49
961,2755,2025-09-13 00:00:00,A,2
962,2756,2024-03-10 00:00:00,A,15
963,2759,2023-04-24 00:00:00,A,85
964,2760,2024-02-10 00:00:00,A,180
965,2761,2023-04-23 00:00:00,A,120
966,2763,2024-06-13 00:00:00,A,134
967,2764,2026-08-19 00:00:00,A,204
968,2768,2026-05-15 00:00:00,C,126
969,2770,2025-09-19 00:00:00,A,216
970,2772,2024-07-26 00:00:00,A,247
971,2773,2024-09-07 00:00:00,A,31
972,2776,2025-05-17 00:00:00,A,21
973,2779,2023-07-30 00:00:00,A,85
974,2782,2023-03-23 00:00:00,A,186
975,2783,2027-01-10 00:00:00,A,95
976,2786,2027-02-06 00:00:00,A,163
977,2789,2026-12-13 00:00:00,A,57
978,2791,2026-03-12 00:00:00,A,20
979,2792,2024-02-17 00:00:00,A,174
980,2794,2026-05-10 00:00:00,A,71
981,2795,2025-11-24 00:00:00,C,183
982,2801,2025-09-26 00:00:00,A,39
983,2808,2023-03-09 00:00:00,A,171
984,2810,2024-06-07 00:00:00,A,27
985,2811,2023-03-23 00:00:00,A,194
986,2812,2026-12-14 00:00:00,A,131
987,2813,2025-02-23 00:00:00,A,4
988,2817,2024-12-25 00:00:00,A,87
989,2821,2026-03-16 00:00:00,A,74
990,2828,2025-04-19 00:00:00,B,120
991,2829,2025-02-11 00:00:00,A,104
992,2833,2023-10-25 00:00:00,A,23
993,2835,2025-07-23 00:00:00,A,9
994,2839,2027-02-02 00:00:00,A,110
995,2842,2026-01-13 00:00:00,A,103
996,2844,2026-03-26 00:00:00,A,107
997,2845,2025-12-12 00:00:00,A,66
998,2860,2026-01-10 00:00:00,A,27
999,2861,2025-05-02 00:00:00,A,202
1000,2864,2026-08-09 00:00:00,A,57
1001,2867,2026-01-14 00:00:00,C,119
1002,2870,2023-10-15 00:00:00,A,94
1003,2871,2024-12-30 00:00:00,A,57
1004,2873,2026-12-28 00:00:00,A,229
1005,2875,2024-05-09 00:00:00,A,180
1006,2883,2025-03-11 00:00:00,A,160
1007,2894,2025-02-24 00:00:00,B,22
1008,2895,2025-04-10 00:00:00,A,174
1009,2900,2024-09-30 00:00:00,A,211
1010,2907,2025-05-22 00:00:00,B,67
1011,2908,2024-05-14 00:00:00,A,4
1012,2909,2026-02-20 00:00:00,A,99
1013,2911,2024-10-24 00:00:00,C,50
1014,2914,2024-05-01 00:00:00,A,247
1015,2915,2027-02-17 00:00:00,A,106
1016,2916,2023-10-13 00:00:00,A,110
1017,2922,2023-12-19 00:00:00,A,130
1018,2927,2023-11-30 00:00:00,A,148
1019,2928,2026-06-23 00:00:00,A,233
1020,2932,2023-08-11 00:00:00,A,249
1021,2933,2025-06-27 00:00:00,B,67
1022,2937,2027-01-24 00:00:00,C,213
1023,2940,2023-03-18 00:00:00,B,213
1024,2942,2026-06-28 00:00:00,A,73
1025,2946,2025-11-10 00:00:00,A,185
1026,2947,2026-04-13 00:00:00,A,166
1027,2948,2024-01-06 00:00:00,A,224
1028,2949,2025-05-07 00:00:00,A,213
1029,2952,2026-05-15 00:00:00,A,163
1030,2953,2024-03-26 00:00:00,A,154
1031,2956,2023-12-05 00:00:00,A,175
1032,2957,2026-08-30 00:00:00,A,65
1033,2958,2025-12-22 00:00:00,A,187
1034,2959,2026-05-03 00:00:00,A,216
1035,2962,2026-04-06 00:00:00,A,85
1036,2964,2023-06-04 00:00:00,B,221
1037,2965,2025-01-08 00:00:00,A,151
1038,2966,2026-05-31 00:00:00,A,86
1039,2968,2023-10-11 00:00:00,A,242
1040,2975,2023-10-21 00:00:00,A,88
1041,2979,2023-06-02 00:00:00,A,37
1042,2984,2025-11-28 00:00:00,A,126
1043,2985,2023-04-22 00:00:00,A,83
1044,2987,2024-09-22 00:00:00,A,164
1045,2990,2023-12-11 00:00:00,A,100
1046,2991,2026-09-15 00:00:00,A,197
1047,2994,2025-02-22 00:00:00,A,231
1048,2996,2024-05-07 00:00:00,A,201
1049,3001,2023-11-09 00:00:00,B,167
1050,3012,2026-11-07 00:00:00,A,7
1051,3014,2023-03-22 00:00:00,A,12
1052,3015,2024-02-01 00:00:00,A,56
1053,3019,2024-09-29 00:00:00,A,137
1054,3023,2026-04-15 00:00:00,A,139
1055,3032,2024-08-18 00:00:00,A,99
1056,3033,2025-08-25 00:00:00,B,78
1057,3035,2023-10-01 00:00:00,A,26
1058,3037,2023-12-08 00:00:00,A,205
1059,3045,2026-06-15 00:00:00,A,144
1060,3048,2025-07-10 00:00:00,A,92
1061,3052,2025-10-15 00:00:00,A,101
1062,3054,2024-09-29 00:00:00,A,118
1063,3055,2025-06-26 00:00:00,A,90
1064,3060,2025-02-26 00:00:00,A,156
1065,3063,2026-11-10 00:00:00,A,52
1066,3066,2025-09-14 00:00:00,A,188
1067,3070,2026-05-29 00:00:00,A,68
1068,3071,2025-05-15 00:00:00,A,227
1069,3074,2025-05-03 00:00:00,A,102
1070,3083,2027-02-10 00:00:00,A,227
1071,3091,2025-08-16 00:00:00,A,193
1072,3093,2025-08-28 00:00:00,A,67
1073,3094,2025-10-13 00:00:00,A,55
1074,3097,2024-04-14 00:00:00,A,25
1075,3100,2023-03-28 00:00:00,A,55
1076,3102,2023-06-14 00:00:00,A,94
1077,3105,2025-03-31 00:00:00,A,182
1078,3106,2025-05-25 00:00:00,A,67
1079,3113,2023-08-17 00:00:00,A,88
1080,3117,2026-05-08 00:00:00,A,70
1081,3118,2025-03-21 00:00:00,A,138
1082,3120,2025-02-17 00:00:00,B,237
1083,3123,2026-02-17 00:00:00,A,130
1084,3128,2025-04-05 00:00:00,A,36
1085,3132,2026-04-22 00:00:00,A,125
1086,3133,2023-05-26 00:00:00,A,66
1087,3138,2026-09-23 00:00:00,A,230
1088,3139,2026-06-14 00:00:00,A,168
1089,3140,2026-07-17 00:00:00,B,66
1090,3149,2026-02-23 00:00:00,A,131
1091,3150,2024-05-03 00:00:00,A,57
1092,3153,2027-02-27 00:00:00,A,209
1093,3154,2023-12-11 00:00:00,A,49
1094,3158,2024-01-18 00:00:00,A,20
1095,3162,2024-08-16 00:00:00,A,43
1096,3163,2024-03-01 00:00:00,A,22
1097,3167,2026-02-04 00:00:00,A,161
1098,3174,2026-08-06 00:00:00,A,245
1099,3176,2025-04-28 00:00:00,A,204
1100,3178,2026-06-27 00:00:00,A,198
1101,3179,2027-02-05 00:00:00,A,31
1102,3180,2024-09-18 00:00:00,A,174
1103,3182,2023-09-22 00:00:00,A,117
1104,3183,2026-10-14 00:00:00,A,58
1105,3189,2026-03-25 00:00:00,A,228
1106,3193,2023-03-26 00:00:00,A,64
1107,3194,2026-08-01 00:00:00,B,54
1108,3195,2026-02-17 00:00:00,B,178
1109,3197,2023-12-03 00:00:00,A,111
1110,3199,2024-03-08 00:00:00,A,62
1111,3200,2023-11-02 00:00:00,B,143
1112,3210,2024-11-01 00:00:00,A,193
1113,3211,2024-01-07 00:00:00,A,55
1114,3214,2023-03-28 00:00:00,B,214
1115,3216,2026-11-01 00:00:00,A,164
1116,3230,2023-06-18 00:00:00,A,75
1117,3233,2025-05-24 00:00:00,A,127
1118,3235,2024-07-23 00:00:00,A,125
1119,3238,2026-04-07 00:00:00,A,36
1120,3241,2023-09-22 00:00:00,A,99
1121,3245,2026-12-26 00:00:00,A,68
1122,3247,2025-01-16 00:00:00,B,39
1123,3249,2024-02-27 00:00:00,A,216
1124,3256,2023-10-07 00:00:00,A,144
1125,3259,2025-07-28 00:00:00,A,225
1126,3260,2024-09-23 00:00:00,A,63
1127,3268,2025-04-18 00:00:00,A,102
1128,3270,2024-03-10 00:00:00,A,234
1129,3271,2026-02-09 00:00:00,A,146
1130,3274,2023-07-22 00:00:00,A,109
1131,3276,2025-03-01 00:00:00,A,146
1132,3277,2025-08-19 00:00:00,A,244
1133,3296,2026-07-19 00:00:00,A,214
1134,3297,2024-07-11 00:00:00,A,111
1135,3304,2024-11-15 00:00:00,C,247
1136,3307,2024-12-19 00:00:00,B,155
1137,3309,2024-08-03 00:00:00,A,190
1138,3312,2023-10-11 00:00:00,A,100
1139,3317,2023-06-26 00:00:00,A,193
1140,3318,2025-12-05 00:00:00,B,2
1141,3321,2024-11-16 00:00:00,A,221
1142,3323,2024-04-05 00:00:00,B,242
1143,3327,2026-09-04 00:00:00,A,198
1144,3333,2024-04-13 00:00:00,A,35
1145,3339,2024-01-20 00:00:00,A,198
1146,3340,2026-08-09 00:00:00,A,192
1147,3343,2024-09-23 00:00:00,A,126
1148,3345,2025-03-24 00:00:00,A,13
1149,3347,2025-11-09 00:00:00,A,212
1150,3351,2023-06-01 00:00:00,A,189
1151,3353,2026-07-31 00:00:00,A,231
1152,3354,2023-12-08 00:00:00,C,3
1153,3357,2023-03-24 00:00:00,A,224
1154,3360,2024-08-09 00:00:00,A,206
1155,3361,2023-03-07 00:00:00,A,81
1156,3362,2025-11-08 00:00:00,A,202
1157,3363,2024-01-05 00:00:00,A,35
1158,3364,2024-10-20 00:00:00,A,9
1159,3365,2024-10-01 00:00:00,B,175
1160,3367,2026-04-10 00:00:00,A,161
1161,3368,2025-11-30 00:00:00,A,50
1162,3370,2024-02-14 00:00:00,A,134
1163,3371,2026-05-11 00:00:00,A,7
1164,3376,2025-11-08 00:00:00,A,203
1165,3380,2026-03-17 00:00:00,A,219
1166,3382,2025-06-02 00:00:00,A,77
1167,3383,2026-06-28 00:00:00,A,71
1168,3386,2024-03-12 00:00:00,A,235
1169,3387,2023-05-02 00:00:00,A,240
1170,3391,2025-01-10 00:00:00,A,193
1171,3392,2027-01-22 00:00:00,A,151
1172,3396,2026-08-22 00:00:00,A,247
1173,3399,2026-04-23 00:00:00,B,239
1174,3404,2023-12-29 00:00:00,A,3
1175,3406,2026-11-26 00:00:00,A,55
1176,3410,2027-01-13 00:00:00,A,35
1177,3412,2025-08-05 00:00:00,A,24
1178,3414,2025-06-20 00:00:00,A,30
1179,3423,2023-11-01 00:00:00,A,86
1180,3424,2025-11-22 00:00:00,A,204
1181,3436,2026-06-02 00:00:00,A,47
1182,3437,2026-03-20 00:00:00,C,86
1183,3441,2024-06-02 00:00:00,A,35
1184,3445,2026-11-28 00:00:00,B,89
1185,3447,2027-01-02 00:00:00,B,44
1186,3448,2024-04-27 00:00:00,A,145
1187,3449,2024-08-27 00:00:00,A,35
1188,3458,2025-09-20 00:00:00,A,163
1189,3460,2025-04-27 00:00:00,A,218
1190,3463,2023-12-29 00:00:00,A,151
1191,3464,2024-05-19 00:00:00,A,107
1192,3466,2026-07-17 00:00:00,A,160
1193,3467,2024-09-26 00:00:00,A,217
1194,3471,2026-08-05 00:00:00,B,76
1195,3474,2024-03-23 00:00:00,A,158
1196,3478,2024-02-09 00:00:00,B,150
1197,3481,2023-04-23 00:00:00,A,72
1198,3482,2025-04-21 00:00:00,A,234
1199,3484,2024-09-25 00:00:00,A,108
1200,3489,2023-05-11 00:00:00,C,173
1201,3490,2026-05-25 00:00:00,A,39
1202,3491,2025-05-21 00:00:00,A,192
1203,3492,2023-06-14 00:00:00,A,182
1204,3493,2025-12-14 00:00:00,A,88
1205,3495,2023-03-08 00:00:00,A,147
1206,3498,2024-05-06 00:00:00,A,168
1207,3504,2025-07-12 00:00:00,A,201
1208,3509,2026-02-12 00:00:00,A,41
1209,3513,2025-06-27 00:00:00,A,196
1210,3514,2025-12-23 00:00:00,A,17
1211,3515,2025-08-01 00:00:00,A,83
1212,3516,2025-09-18 00:00:00,A,32
1213,3522,2023-04-18 00:00:00,A,152
1214,3524,2026-05-08 00:00:00,A,238
1215,3526,2025-07-23 00:00:00,A,92
1216,3530,2025-05-06 00:00:00,A,115
1217,3532,2023-04-21 00:00:00,A,227
1218,3535,2024-02-19 00:00:00,A,203
1219,3538,2026-06-30 00:00:00,A,170
1220,3539,2026-12-07 00:00:00,A,69
1221,3541,2024-01-07 00:00:00,B,107
1222,3543,2025-05-07 00:00:00,A,160
1223,3544,2023-11-30 00:00:00,A,1
1224,3545,2024-04-03 00:00:00,A,47
1225,3551,2026-03-15 00:00:00,A,25
1226,3552,2026-04-11 00:00:00,A,18
1227,3557,2023-06-25 00:00:00,A,27
1228,3558,2024-01-06 00:00:00,A,196
1229,3565,2026-05-09 00:00:00,A,118
1230,3566,2024-04-05 00:00:00,B,50
1231,3567,2025-08-28 00:00:00,A,189
1232,3572,2027-01-30 00:00:00,B,202
1233,3574,2024-12-15 00:00:00,A,49
1234,3581,2023-11-20 00:00:00,A,147
1235,3582,2024-05-16 00:00:00,A,3
1236,3583,2026-02-21 00:00:00,A,105
1237,3589,2023-09-01 00:00:00,A,123
1238,3590,2024-04-25 00:00:00,A,250
1239,3593,2025-08-29 00:00:00,A,219
1240,3594,2023-08-15 00:00:00,C,150
1241,3596,2023-09-07 00:00:00,A,23
1242,3602,2025-08-02 00:00:00,A,158
1243,3606,2023-05-28 00:00:00,B,38
1244,3609,2023-10-14 00:00:00,A,176
1245,3612,2023-09-17 00:00:00,A,248
1246,3613,2023-05-15 00:00:00,A,49
1247,3615,2026-09-26 00:00:00,C,139
1248,3621,2024-06-29 00:00:00,A,213
1249,3622,2024-12-31 00:00:00,A,8
1250,3624,2024-07-31 00:00:00,A,86
1251,3627,2023-06-16 00:00:00,A,217
1252,3628,2026-05-11 00:00:00,A,214
1253,3630,2023-09-21 00:00:00,A,120
1254,3635,2023-12-04 00:00:00,A,167
1255,3637,2027-03-23 00:00:00,A,77
1256,3638,2024-12-24 00:00:00,A,140
1257,3643,2024-10-07 00:00:00,A,86
1258,3647,2025-01-27 00:00:00,A,60
1259,3652,2025-06-16 00:00:00,A,130
1260,3654,2023-10-05 00:00:00,A,78
1261,3660,2023-06-25 00:00:00,A,116
1262,3661,2024-02-25 00:00:00,A,120
1263,3664,2023-07-06 00:00:00,A,242
1264,3665,2026-11-19 00:00:00,A,207
1265,3668,2026-07-31 00:00:00,A,245
1266,3669,2026-09-13 00:00:00,A,137
1267,3672,2025-05-30 00:00:00,A,207
1268,3674,2024-07-21 00:00:00,A,111
1269,3676,2024-06-15 00:00:00,A,84
1270,3677,2024-02-15 00:00:00,A,147
1271,3678,2024-08-20 00:00:00,A,10
1272,3680,2023-10-02 00:00:00,A,120
1273,3684,2024-02-06 00:00:00,A,65
1274,3703,2023-07-05 00:00:00,A,137
1275,3704,2025-05-29 00:00:00,A,43
1276,3706,2024-05-30 00:00:00,A,174
1277,3713,2024-03-21 00:00:00,A,212
1278,3719,2023-11-10 00:00:00,A,59
1279,3721,2023-09-24 00:00:00,A,115
1280,3728,2024-12-25 00:00:00,A,22
1281,3729,2023-12-08 00:00:00,A,50
1282,3732,2026-08-17 00:00:00,A,27
1283,3733,2024-10-11 00:00:00,A,167
1284,3734,2023-09-25 00:00:00,A,27
1285,3737,2027-03-02 00:00:00,A,150
1286,3738,2027-01-24 00:00:00,C,198
1287,3740,2023-03-02 00:00:00,A,29
1288,3742,2024-06-04 00:00:00,A,171
1289,3743,2024-01-08 00:00:00,C,185
1290,3745,2026-04-12 00:00:00,A,180
1291,3746,2024-11-25 00:00:00,A,116
1292,3754,2025-04-10 00:00:00,A,53
1293,3755,2024-09-19 00:00:00,A,19
1294,3761,2025-06-13 00:00:00,A,99
1295,3763,2023-07-15 00:00:00,B,204
1296,3765,2026-09-28 00:00:00,C,17
1297,3768,2026-12-24 00:00:00,A,232
1298,3772,2023-07-04 00:00:00,A,163
1299,3775,2025-11-15 00:00:00,A,141
1300,3777,2025-12-01 00:00:00,A,230
1301,3781,2025-05-23 00:00:00,A,184
1302,3782,2023-08-22 00:00:00,A,118
1303,3783,2023-08-08 00:00:00,C,97
1304,3788,2026-02-23 00:00:00,B,66
1305,3790,2025-06-13 00:00:00,A,74
1306,3795,2026-06-02 00:00:00,B,50
1307,3801,2025-11-13 00:00:00,C,161
1308,3802,2023-08-20 00:00:00,A,168
1309,3805,2023-06-15 00:00:00,A,206
1310,3806,2026-11-23 00:00:00,A,247
1311,3807,2023-04-28 00:00:00,A,78
1312,3809,2026-04-29 00:00:00,A,165
1313,3811,2023-12-05 00:00:00,B,228
1314,3814,2025-02-01 00:00:00,A,196
1315,3816,2026-01-15 00:00:00,A,250
1316,3817,2026-11-09 00:00:00,A,219
1317,3818,2026-03-07 00:00:00,A,230
1318,3819,2025-05-25 00:00:00,A,215
1319,3821,2026-12-19 00:00:00,B,204
1320,3824,2026-05-17 00:00:00,B,126
1321,3825,2023-07-06 00:00:00,A,85
1322,3828,2023-10-15 00:00:00,A,24
1323,3830,2023-07-31 00:00:00,A,41
1324,3832,2024-07-22 00:00:00,A,212
1325,3833,2023-06-08 00:00:00,A,213
1326,3834,2026-05-10 00:00:00,A,170
1327,3835,2025-09-11 00:00:00,B,241
1328,3836,2025-12-22 00:00:00,A,222
1329,3841,2025-04-17 00:00:00,A,33
1330,3846,2023-11-22 00:00:00,A,234
1331,3850,2023-04-07 00:00:00,A,126
1332,3851,2024-12-15 00:00:00,A,5
1333,3852,2026-04-20 00:00:00,A,249
1334,3855,2026-04-30 00:00:00,A,23
1335,3856,2024-06-16 00:00:00,B,226
1336,3857,2023-07-18 00:00:00,A,69
1337,3861,2026-03-12 00:00:00,B,220
1338,3862,2024-03-18 00:00:00,B,204
1339,3863,2025-11-17 00:00:00,A,238
1340,3866,2025-10-19 00:00:00,A,193
1341,3867,2027-01-05 00:00:00,A,153
1342,3868,2026-11-21 00:00:00,A,2
1343,3875,2023-06-29 00:00:00,A,158
1344,3877,2023-11-07 00:00:00,A,45
1345,3878,2025-11-16 00:00:00,A,5
1346,3883,2026-03-17 00:00:00,A,181
1347,3886,2024-03-20 00:00:00,B,131
1348,3887,2024-11-30 00:00:00,A,108
1349,3893,2024-02-13 00:00:00,A,56
1350,3896,2026-03-15 00:00:00,A,168
1351,3899,2023-04-15 00:00:00,A,162
1352,3902,2023-05-25 00:00:00,A,219
1353,3904,2025-02-11 00:00:00,A,30
1354,3907,2026-08-21 00:00:00,B,20
1355,3914,2023-04-03 00:00:00,B,204
1356,3915,2026-02-23 00:00:00,A,88
1357,3918,2023-06-04 00:00:00,A,182
1358,3919,2026-06-07 00:00:00,A,73
1359,3920,2025-03-01 00:00:00,A,3
1360,3923,2026-07-05 00:00:00,A,228
1361,3924,2026-03-10 00:00:00,B,38
1362,3928,2025-07-11 00:00:00,A,12
1363,3929,2024-12-22 00:00:00,A,228
1364,3931,2027-02-28 00:00:00,A,89
1365,3932,2026-07-21 00:00:00,A,220
1366,3935,2023-05-09 00:00:00,A,145
1367,3936,2024-11-14 00:00:00,A,161
1368,3937,2023-11-25 00:00:00,A,184
1369,3943,2023-12-23 00:00:00,A,230
1370,3944,2026-06-21 00:00:00,B,26
1371,3945,2026-08-15 00:00:00,A,8
1372,3948,2023-03-17 00:00:00,A,58
1373,3953,2025-11-28 00:00:00,A,25
1374,3954,2026-02-02 00:00:00,A,232
1375,3959,2025-05-05 00:00:00,A,126
1376,3960,2025-07-20 00:00:00,A,129
1377,3962,2027-01-18 00:00:00,A,244
1378,3965,2023-12-16 00:00:00,A,141
1379,3970,2023-10-04 00:00:00,A,138
1380,3973,2023-12-08 00:00:00,A,218
1381,3977,2025-04-30 00:00:00,A,12
1382,3979,2026-04-13 00:00:00,B,190
1383,3982,2026-09-03 00:00:00,A,24
1384,3991,2024-05-19 00:00:00,A,243
1385,4007,2024-06-23 00:00:00,A,166
1386,4008,2023-06-18 00:00:00,A,18
1387,4012,2026-11-26 00:00:00,C,124
1388,4013,2023-06-01 00:00:00,A,214
1389,4014,2024-09-21 00:00:00,A,159
1390,4015,2026-07-26 00:00:00,C,236
1391,4016,2025-07-03 00:00:00,A,120
1392,4017,2026-08-26 00:00:00,A,216
1393,4020,2023-10-01 00:00:00,A,231
1394,4022,2024-01-10 00:00:00,A,172
1395,4025,2024-12-21 00:00:00,A,43
1396,4028,2024-03-19 00:00:00,A,90
1397,4032,2025-06-07 00:00:00,B,203
1398,4034,2025-01-23 00:00:00,A,239
1399,4037,2027-02-26 00:00:00,A,105
1400,4038,2023-06-17 00:00:00,A,211
1401,4043,2025-03-08 00:00:00,A,151
1402,4045,2027-01-07 00:00:00,A,68
1403,4046,2025-03-31 00:00:00,A,165
1404,4047,2024-01-24 00:00:00,A,108
1405,4055,2026-02-11 00:00:00,A,204
1406,4059,2027-03-10 00:00:00,A,50
1407,4060,2023-05-04 00:00:00,A,39
1408,4063,2024-06-27 00:00:00,A,177
1409,4068,2024-02-19 00:00:00,A,242
1410,4074,2027-01-10 00:00:00,B,134
1411,4076,2023-07-12 00:00:00,A,96
1412,4080,2026-09-16 00:00:00,A,5
1413,4081,2027-01-30 00:00:00,A,58
1414,4084,2024-06-15 00:00:00,A,155
1415,4085,2024-08-13 00:00:00,C,230
1416,4089,2026-11-19 00:00:00,A,51
1417,4090,2025-04-18 00:00:00,A,72
1418,4091,2025-01-28 00:00:00,B,119
1419,4095,2023-05-17 00:00:00,A,50
1420,4096,2023-06-06 00:00:00,A,35
1421,4101,2025-05-13 00:00:00,A,131
1422,4103,2024-07-30 00:00:00,A,206
1423,4104,2025-12-22 00:00:00,C,211
1424,4107,2024-07-11 00:00:00,A,53
1425,4109,2024-11-24 00:00:00,A,133
1426,4115,2026-12-06 00:00:00,A,39
1427,4118,2023-08-22 00:00:00,A,228
1428,4119,2025-08-31 00:00:00,A,226
1429,4121,2026-09-02 00:00:00,A,105
1430,4123,2023-12-30 00:00:00,A,109
1431,4124,2023-11-24 00:00:00,C,207
1432,4127,2026-04-20 00:00:00,A,43
1433,4128,2026-05-25 00:00:00,A,9
1434,4129,2024-09-14 00:00:00,A,176
1435,4132,2026-04-23 00:00:00,A,106
1436,4134,2024-04-23 00:00:00,A,218
1437,4135,2024-04-05 00:00:00,A,158
1438,4139,2026-04-19 00:00:00,A,98
1439,4144,2025-08-03 00:00:00,A,101
1440,4145,2023-11-16 00:00:00,A,101
1441,4146,2025-04-25 00:00:00,A,198
1442,4148,2026-02-18 00:00:00,A,43
1443,4161,2026-02-09 00:00:00,A,184
1444,4165,2025-06-24 00:00:00,A,167
1445,4166,2023-09-18 00:00:00,A,147
1446,4175,2024-01-21 00:00:00,A,66
1447,4176,2026-06-29 00:00:00,B,3
1448,4182,2025-01-17 00:00:00,A,128
1449,4183,2024-12-11 00:00:00,A,50
1450,4185,2026-09-17 00:00:00,B,171
1451,4186,2023-05-15 00:00:00,B,9
1452,4190,2027-03-24 00:00:00,A,128
1453,4195,2023-10-05 00:00:00,C,40
1454,4199,2026-05-20 00:00:00,A,137
1455,4200,2024-03-02 00:00:00,A,242
1456,4204,2023-08-28 00:00:00,A,154
1457,4206,2023-05-07 00:00:00,A,190
1458,4213,2026-07-24 00:00:00,A,47
1459,4214,2025-10-25 00:00:00,A,27
1460,4219,2023-12-08 00:00:00,A,35
1461,4222,2024-12-13 00:00:00,A,62
1462,4225,2024-10-12 00:00:00,C,156
1463,4236,2023-10-18 00:00:00,C,199
1464,4237,2023-06-07 00:00:00,A,108
1465,4238,2024-02-20 00:00:00,A,26
1466,4239,2025-06-06 00:00:00,A,200
1467,4241,2023-10-29 00:00:00,A,4
1468,4242,2024-12-15 00:00:00,B,115
1469,4249,2023-09-04 00:00:00,A,242
1470,4250,2023-04-07 00:00:00,A,53
1471,4252,2025-11-30 00:00:00,A,34
1472,4254,2024-05-30 00:00:00,A,234
1473,4257,2023-03-30 00:00:00,A,31
1474,4263,2025-09-16 00:00:00,A,86
1475,4265,2026-07-12 00:00:00,A,250
1476,4266,2023-06-04 00:00:00,A,60
1477,4267,2023-12-15 00:00:00,A,211
1478,4271,2023-10-28 00:00:00,B,201
1479,4274,2023-12-04 00:00:00,A,35
1480,4278,2023-12-31 00:00:00,A,98
1481,4283,2027-01-20 00:00:00,A,44
1482,4284,2024-06-25 00:00:00,A,34
1483,4289,2023-07-31 00:00:00,A,183
1484,4290,2026-08-25 00:00:00,A,66
1485,4291,2025-02-05 00:00:00,A,204
1486,4292,2023-12-13 00:00:00,A,131
1487,4295,2025-03-01 00:00:00,A,107
1488,4299,2024-05-02 00:00:00,A,145
1489,4300,2026-10-16 00:00:00,A,54
1490,4304,2025-09-21 00:00:00,A,204
1491,4307,2024-12-02 00:00:00,A,85
1492,4308,2025-05-13 00:00:00,A,198
1493,4312,2026-03-23 00:00:00,A,25
1494,4314,2023-11-15 00:00:00,A,71
1495,4325,2027-02-16 00:00:00,A,29
1496,4327,2025-12-24 00:00:00,A,228
1497,4328,2023-10-03 00:00:00,A,2
1498,4331,2023-02-20 00:00:00,A,5
1499,4340,2025-10-18 00:00:00,A,203
1500,4341,2026-06-20 00:00:00,A,161
1501,4342,2024-06-03 00:00:00,A,50
1502,4346,2023-05-10 00:00:00,A,88
1503,4350,2023-05-20 00:00:00,A,53
1504,4352,2023-08-22 00:00:00,B,192
1505,4354,2023-04-15 00:00:00,A,180
1506,4361,2026-07-28 00:00:00,A,34
1507,4365,2026-12-19 00:00:00,A,247
1508,4368,2026-04-10 00:00:00,A,195
1509,4369,2024-02-04 00:00:00,A,200
1510,4370,2023-12-06 00:00:00,A,211
1511,4371,2023-11-24 00:00:00,A,152
1512,4372,2024-07-20 00:00:00,A,139
1513,4376,2024-12-12 00:00:00,A,245
1514,4379,2024-02-26 00:00:00,A,82
1515,4380,2024-09-05 00:00:00,A,186
1516,4381,2026-02-12 00:00:00,B,77
1517,4385,2024-08-24 00:00:00,A,26
1518,4386,2025-12-05 00:00:00,A,250
1519,4389,2023-05-15 00:00:00,A,121
1520,4391,2024-08-21 00:00:00,A,162
1521,4394,2023-05-04 00:00:00,A,107
1522,4397,2024-03-10 00:00:00,A,165
1523,4398,2024-11-28 00:00:00,A,184
1524,4401,2027-01-10 00:00:00,A,76
1525,4403,2024-12-03 00:00:00,A,48
1526,4406,2026-01-02 00:00:00,A,72
1527,4410,2024-03-06 00:00:00,B,13
1528,4412,2025-07-07 00:00:00,A,8
1529,4417,2024-11-30 00:00:00,A,138
1530,4418,2023-03-29 00:00:00,A,211
1531,4420,2023-05-22 00:00:00,A,45
1532,4427,2023-10-09 00:00:00,A,38
1533,4432,2025-02-10 00:00:00,B,99
1534,4435,2026-12-13 00:00:00,A,21
1535,4440,2023-02-15 00:00:00,C,213
1536,4441,2024-06-20 00:00:00,A,86
1537,4443,2025-03-18 00:00:00,A,158
1538,4445,2026-12-19 00:00:00,A,103
1539,4447,2024-02-07 00:00:00,A,27
1540,4448,2023-04-10 00:00:00,B,245
1541,4449,2024-07-10 00:00:00,A,95
1542,4450,2024-06-02 00:00:00,A,226
1543,4453,2024-12-26 00:00:00,A,236
1544,4456,2027-03-07 00:00:00,A,155
1545,4458,2026-09-11 00:00:00,A,231
1546,4460,2026-04-21 00:00:00,A,4
1547,4461,2026-02-04 00:00:00,A,103
1548,4467,2026-08-13 00:00:00,A,66
1549,4470,2024-07-06 00:00:00,C,166
1550,4473,2025-01-20 00:00:00,A,112
1551,4475,2026-03-13 00:00:00,A,108
1552,4479,2026-12-06 00:00:00,A,168
1553,4481,2024-02-23 00:00:00,A,229
1554,4484,2026-05-13 00:00:00,A,55
1555,4485,2023-10-06 00:00:00,A,239
1556,4487,2026-01-31 00:00:00,B,63
1557,4489,2025-02-17 00:00:00,B,71
1558,4491,2025-06-17 00:00:00,A,27
1559,4492,2024-05-19 00:00:00,A,133
1560,4495,2024-05-20 00:00:00,A,115
1561,4496,2024-11-12 00:00:00,A,83
1562,4501,2026-08-10 00:00:00,B,230
1563,4504,2024-06-01 00:00:00,A,133
1564,4511,2024-06-24 00:00:00,B,32
1565,4516,2026-06-01 00:00:00,A,34
1566,4519,2024-10-26 00:00:00,A,163
1567,4520,2025-05-18 00:00:00,A,108
1568,4521,2025-04-27 00:00:00,A,216
1569,4522,2026-03-03 00:00:00,A,9
1570,4523,2026-10-01 00:00:00,A,211
1571,4525,2025-10-02 00:00:00,A,165
1572,4529,2024-12-03 00:00:00,A,43
1573,4536,2024-01-14 00:00:00,A,191
1574,4538,2024-09-03 00:00:00,A,27
1575,4540,2026-03-31 00:00:00,A,86
1576,4545,2023-05-30 00:00:00,A,38
1577,4546,2024-05-26 00:00:00,A,186
1578,4550,2025-04-29 00:00:00,A,24
1579,4554,2023-04-25 00:00:00,A,131
1580,4555,2023-06-01 00:00:00,A,241
1581,4560,2024-12-28 00:00:00,A,143
1582,4563,2025-09-22 00:00:00,A,122
1583,4565,2026-04-19 00:00:00,A,3
1584,4574,2026-03-28 00:00:00,A,148
1585,4578,2025-12-27 00:00:00,A,141
1586,4579,2023-04-27 00:00:00,A,26
1587,4580,2026-08-12 00:00:00,A,85
1588,4581,2026-03-16 00:00:00,C,133
1589,4583,2025-05-03 00:00:00,A,95
1590,4586,2025-08-08 00:00:00,A,84
1591,4587,2024-08-24 00:00:00,A,97
1592,4590,2024-12-02 00:00:00,A,191
1593,4592,2024-11-21 00:00:00,B,221
1594,4596,2023-11-17 00:00:00,A,110
1595,4599,2023-04-12 00:00:00,A,246
1596,4603,2023-04-22 00:00:00,A,2
1597,4607,2024-02-22 00:00:00,A,115
1598,4609,2024-06-18 00:00:00,A,63
1599,4610,2023-06-09 00:00:00,A,129
1600,4613,2026-10-27 00:00:00,A,137
1601,4615,2026-12-24 00:00:00,A,123
1602,4619,2025-11-27 00:00:00,C,188
1603,4627,2023-04-02 00:00:00,A,83
1604,4629,2024-02-27 00:00:00,A,83
1605,4631,2026-10-15 00:00:00,A,108
1606,4633,2026-10-20 00:00:00,B,188
1607,4642,2024-05-06 00:00:00,C,145
1608,4645,2025-03-28 00:00:00,A,228
1609,4657,2024-05-20 00:00:00,A,96
1610,4661,2026-07-17 00:00:00,A,11
1611,4663,2025-09-29 00:00:00,A,116
1612,4664,2023-12-28 00:00:00,A,158
1613,4667,2026-09-18 00:00:00,A,94
1614,4669,2023-06-12 00:00:00,A,188
1615,4671,2026-09-23 00:00:00,A,130
1616,4672,2023-04-05 00:00:00,A,151
1617,4675,2023-07-27 00:00:00,A,36
1618,4677,2023-07-28 00:00:00,A,76
1619,4680,2024-04-23 00:00:00,A,17
1620,4684,2027-01-31 00:00:00,A,242
1621,4685,2026-04-26 00:00:00,A,81
1622,4686,2027-01-26 00:00:00,B,165
1623,4689,2025-04-01 00:00:00,A,30
1624,4690,2026-05-27 00:00:00,A,46
1625,4691,2023-07-01 00:00:00,B,196
1626,4701,2023-11-07 00:00:00,A,225
1627,4707,2026-05-20 00:00:00,A,50
1628,4710,2024-03-05 00:00:00,A,20
1629,4716,2026-08-13 00:00:00,A,39
1630,4717,2024-03-28 00:00:00,A,59
1631,4719,2025-11-18 00:00:00,A,66
1632,4721,2027-01-18 00:00:00,A,240
1633,4723,2023-11-10 00:00:00,B,96
1634,4725,2027-02-07 00:00:00,B,122
1635,4730,2024-11-30 00:00:00,A,5
1636,4732,2024-08-17 00:00:00,B,57
1637,4738,2023-03-22 00:00:00,C,144
1638,4741,2024-07-24 00:00:00,A,126
1639,4746,2023-05-02 00:00:00,A,214
1640,4747,2024-07-31 00:00:00,B,19
1641,4748,2026-07-12 00:00:00,A,145
1642,4750,2027-03-13 00:00:00,A,156
1643,4751,2026-05-24 00:00:00,A,146
1644,4752,2025-06-02 00:00:00,B,233
1645,4757,2026-11-21 00:00:00,A,207
1646,4758,2026-06-13 00:00:00,B,4
1647,4760,2025-09-04 00:00:00,B,190
1648,4765,2026-06-20 00:00:00,A,67
1649,4767,2025-06-24 00:00:00,A,128
1650,4768,2025-07-14 00:00:00,A,39
1651,4769,2026-01-13 00:00:00,A,174
1652,4771,2024-06-02 00:00:00,A,174
1653,4772,2025-08-23 00:00:00,A,156
1654,4773,2025-06-14 00:00:00,A,215
1655,4775,2026-05-21 00:00:00,B,214
1656,4779,2024-03-16 00:00:00,A,34
1657,4781,2025-05-12 00:00:00,A,144
1658,4784,2025-06-13 00:00:00,A,157
1659,4787,2024-01-15 00:00:00,A,10
1660,4790,2023-05-12 00:00:00,A,183
1661,4793,2026-06-03 00:00:00,A,14
1662,4796,2026-02-24 00:00:00,A,140
1663,4806,2026-10-26 00:00:00,A,156
1664,4807,2025-01-17 00:00:00,A,145
1665,4811,2024-04-24 00:00:00,A,55
1666,4817,2023-03-10 00:00:00,A,79
1667,4820,2025-09-26 00:00:00,A,171
1668,4823,2026-10-22 00:00:00,A,207
1669,4825,2024-04-23 00:00:00,A,223
1670,4830,2023-05-21 00:00:00,A,25
1671,4831,2025-09-11 00:00:00,A,27
1672,4833,2026-04-21 00:00:00,B,246
1673,4834,2023-08-15 00:00:00,A,238
1674,4839,2026-12-02 00:00:00,B,83
1675,4843,2024-08-28 00:00:00,A,50
1676,4851,2025-06-02 00:00:00,A,234
1677,4852,2026-07-16 00:00:00,A,112
1678,4856,2026-11-26 00:00:00,A,211
1679,4862,2024-10-15 00:00:00,A,47
1680,4864,2025-01-06 00:00:00,A,239
1681,4866,2024-12-23 00:00:00,A,191
1682,4867,2025-07-24 00:00:00,A,32
1683,4868,2023-10-26 00:00:00,A,63
1684,4878,2026-11-07 00:00:00,A,174
1685,4882,2026-09-06 00:00:00,A,176
1686,4885,2023-07-30 00:00:00,A,35
1687,4890,2026-04-09 00:00:00,A,234
1688,4891,2024-03-15 00:00:00,A,187
1689,4893,2027-01-04 00:00:00,A,205
1690,4894,2024-02-21 00:00:00,A,219
1691,4898,2023-12-08 00:00:00,A,114
1692,4899,2023-11-26 00:00:00,A,164
1693,4900,2026-03-05 00:00:00,A,166
1694,4902,2024-08-09 00:00:00,A,51
1695,4903,2025-06-03 00:00:00,A,38
1696,4904,2023-08-11 00:00:00,A,148
1697,4905,2024-07-29 00:00:00,A,76
1698,4906,2026-10-13 00:00:00,A,158
1699,4907,2024-08-26 00:00:00,A,85
1700,4909,2025-01-11 00:00:00,A,230
1701,4910,2025-04-22 00:00:00,A,123
1702,4912,2025-04-27 00:00:00,A,188
1703,4914,2024-03-09 00:00:00,A,22
1704,4915,2024-12-15 00:00:00,C,24
1705,4917,2025-05-13 00:00:00,A,188
1706,4921,2026-03-19 00:00:00,A,224
1707,4927,2027-01-23 00:00:00,A,14
1708,4929,2024-06-08 00:00:00,A,134
1709,4932,2025-08-02 00:00:00,A,180
1710,4937,2024-07-02 00:00:00,A,197
1711,4938,2026-05-16 00:00:00,A,137
1712,4945,2026-10-04 00:00:00,A,68
1713,4947,2026-12-22 00:00:00,A,5
1714,4948,2026-01-13 00:00:00,A,129
1715,4957,2024-08-19 00:00:00,A,56
1716,4958,2025-09-03 00:00:00,A,243
1717,4963,2023-06-13 00:00:00,A,183
1718,4966,2025-05-21 00:00:00,A,127
1719,4969,2026-07-12 00:00:00,A,244
1720,4970,2023-04-12 00:00:00,A,83
1721,4976,2025-05-27 00:00:00,A,35
1722,4978,2023-11-28 00:00:00,A,122
1723,4980,2026-09-09 00:00:00,C,21
1724,4981,2027-03-15 00:00:00,A,203
1725,4982,2026-11-09 00:00:00,A,190
1726,4983,2023-06-12 00:00:00,A,227
1727,4984,2024-11-28 00:00:00,A,196
1728,4986,2023-07-28 00:00:00,A,8
1729,4987,2024-08-07 00:00:00,A,137
1730,4988,2024-06-29 00:00:00,B,30
1731,4989,2023-05-24 00:00:00,B,167
1732,4991,2026-12-09 00:00:00,A,66
1733,4998,2026-09-17 00:00:00,A,179
1734,5000,2024-04-16 00:00:00,A,128
